Estate,Price,Property Details
 , 10K ,1BHK Villa for Rent in Kodihalli
 Project: Prestige Mayberry More Properties , 45K ,3BHK Villa for Rent in Channasandra
 Project: Sobha Palladian More Properties , 90K ,Semi Furnished 4BHK Apartment for Rent in HAL 2nd Stage
 Project: Nagarjuna Maple Heights More Properties , 27.50K ,Semi Furnished 2BHK Apartment for Rent in Mahadevpura
 Project: Vaishnavi Orchids More Properties , 47K ,Semi Furnished 3BHK Villa for Rent in Kasavanahalli
 Project: Prestige Park View More Properties , 29K ,Semi Furnished 2BHK Apartment for Rent in Kadugodi
 Project: Sobha Habitech More Properties , 35K ,Semi Furnished 3BHK Apartment for Rent in Whitefield
 Project: Mantri Glades More Properties , 33K ,Semi Furnished 3BHK Apartment for Rent in kaikondrahalli
 Project: Mantri Tranquil More Properties , 25K ,Semi Furnished 3BHK Apartment for Rent in Kanakapura Road
 Project: Salarpuria Serenity More Properties , 37K ,Semi Furnished 3BHK Apartment for Rent in HSR Layout
 Project: Phoenix One Bangalore West More Properties , 1L ,Semi Furnished 3BHK Apartment for Rent in RajajiNagar
 Project: Foyer Infinity More Properties , 29K ,Fully Furnished 3BHK Apartment for Rent in Whitefield
 Project: Puravankara Elita Promenade More Properties , 35K ,Fully Furnished 2BHK Apartment for Rent in J.P. Nagar
 Project: Brigade Metropolis More Properties , 35K ,Semi Furnished 3BHK Apartment for Rent in Mahadevpura
 Project: Brigade Gateway  More Properties , 50K ,Semi Furnished 3BHK Apartment for Rent in RajajiNagar
 Project: Mahaveer Springs More Properties , 22K ,Semi Furnished 2BHK Apartment for Rent in J.P. Nagar
 Project: Brigade Millennium More Properties , 25K ,Semi Furnished 2BHK Apartment for Rent in J.P. Nagar
 Project: Prestige Jade Pavillion More Properties , 52K ,Semi Furnished 4BHK Apartment for Rent in Marathahalli ORR
 Project: Karle Zenith Residence More Properties , 62.50K ,Semi Furnished 3BHK Apartment for Rent in Nagavara
 Project: Prestige Kensington Gardens More Properties , 30K ,Semi Furnished 3BHK Apartment for Rent in Jalahalli West
 Project: Godrej Woodsman Estate More Properties , 90K ,Fully Furnished 4BHK Apartment for Rent in Hebbal
 Project: Nishant Prime More Properties , 27K ,Fully Furnished 3BHK Apartment for Rent in Whitefield
 Project: Ahad Euphoria More Properties , 22K ,Semi Furnished 2BHK Apartment for Rent in Sarjapur Road
 Project: Vaishnavi Nakshatra More Properties , 33K ,Semi Furnished 3BHK Apartment for Rent in Yeswanthpur
 Project: Alpine Viva More Properties , 26K ,Semi Furnished 3BHK Apartment for Rent in Shigehalli
 Project: Sobha Malachite Phase I More Properties , 1.50L ,Fully Furnished 3BHK Villa for Rent in Bellary Road
 Project: Brigade Northridge - Phase 1 More Properties , 26K ,Semi Furnished 3BHK Apartment for Rent in Jakkur
 Project: Goyal Orchid Woods More Properties , 22K ,Semi Furnished 2BHK Apartment for Rent in Hennur Main Road
 Project: Assetz Lumos More Properties , 45K ,Semi Furnished 3BHK Apartment for Rent in Yeswanthpur
 Project: Embassy Pristine More Properties , 45K ,Semi Furnished 3BHK Apartment for Rent in Bellandur
